{"0_1":{"link":"1_2","offset":{"x":0,"y":0},"start_id":"START"},"0_2":{"link":"1_4","offset":{"x":0,"y":400},"start_id":"START2"},"1_1":{"dialogue":"You had to take the blue pill, silly!","offset":{"x":480,"y":-80},"options":{"0":{"link":"END","text":"Oh"}},"size":{"x":320.000244,"y":255},"speaker":"Fred"},"1_2":{"dialogue":"Which pill do you take?","offset":{"x":200,"y":0},"options":{"0":{"link":"1_1","text":"Red pill"},"1":{"link":"1_3","text":"Blue pill"}},"size":{"x":200.000122,"y":282},"speaker":"Fred"},"1_3":{"dialogue":"Wrong! It was the red pill, LOL!","offset":{"x":480,"y":160},"options":{"0":{"link":"END","text":"Oh"}},"size":{"x":320.000244,"y":255},"speaker":"Fred"},"1_4":{"dialogue":"You can have multiple conversations in the same file if you want.","offset":{"x":200,"y":400},"options":{"0":{"link":"1_5","text":""}},"size":{"x":277.999939,"y":255},"speaker":"Hannah"},"1_5":{"dialogue":"Isn't that handy?","offset":{"x":520,"y":400},"options":{"0":{"link":"END","text":""}},"size":{"x":279.000244,"y":255},"speaker":"Hannah"},"2_1":{"comment":"Branching\n& Multiple trees!","offset":{"x":-20,"y":80},"size":{"x":200.000061,"y":100.000015}},"comments":{"0":"2_1"},"start":{"START":"0_1","START2":"0_2"},"strays":{},"variables":{}}
