{"0_1":{"link":"1_1","offset":{"x":0,"y":0},"start_id":"SIGNALS"},"0_2":{"link":"1_5","offset":{"x":0,"y":400},"start_id":"SETGET"},"0_3":{"link":"1_3","offset":{"x":0,"y":800},"start_id":"CONDITION"},"1_1":{"dialogue":"Wanna see an explosion?","offset":{"x":320,"y":0},"options":{"0":{"link":"3_1","text":"Yeah!"},"1":{"link":"1_2","text":"Nah!"}},"size":{"x":282.000031,"y":380.499939},"speaker":"Fred"},"1_2":{"dialogue":"Bye bye!","offset":{"x":840,"y":0},"options":{"0":{"link":"END","text":""}},"size":{"x":282,"y":339.5},"speaker":"Fred"},"1_3":{"dialogue":"This item costs $8","offset":{"x":320,"y":800},"options":{"0":{"link":"5_1","text":"Buy it!"}},"size":{"x":282.000031,"y":339.499542},"speaker":"Harold"},"1_4":{"dialogue":"Ok","offset":{"x":900,"y":800},"options":{"0":{"link":"END","text":""}},"size":{"x":282.000061,"y":339.499542},"speaker":"Harold"},"1_5":{"dialogue":"You have {{Coins}} coins.","offset":{"x":320,"y":400},"options":{"0":{"link":"4_1","text":"Buy item : $3"}},"size":{"x":282.000031,"y":339.499786},"speaker":"Luke"},"1_6":{"dialogue":"Now, you have {{Coins}} left!","offset":{"x":880,"y":400},"options":{"0":{"link":"END","text":""}},"size":{"x":282.000366,"y":339.499786},"speaker":"Luke"},"1_7":{"dialogue":"You can't afford that!","offset":{"x":900,"y":1160},"options":{"0":{"link":"END","text":""}},"size":{"x":282.000061,"y":339.499512},"speaker":"Harold"},"2_1":{"comment":"You can add Signal Nodes in the paths to emit signals.","offset":{"x":0,"y":80},"size":{"x":293.000305,"y":141.5}},"2_2":{"comment":"You can even add, get and set variables within the dialogue tree.","offset":{"x":0,"y":480},"size":{"x":293.000305,"y":152.500031}},"2_3":{"comment":"Condition nodes can be used to control the flow of dialogues.","offset":{"x":0,"y":880},"size":{"x":293.000183,"y":154.500031}},"3_1":{"link":"1_2","offset":{"x":620,"y":0},"signalValue":"explode"},"4_1":{"link":"1_6","offset":{"x":620,"y":400},"type":2,"value":"3","variable":"Coins"},"5_1":{"false":"1_7","offset":{"x":620,"y":800},"operator":2,"true":"1_4","value1":"{{Coins}}","value2":"8"},"comments":{"0":"2_1","1":"2_2","2":"2_3"},"start":{"CONDITION":"0_3","SETGET":"0_2","SIGNALS":"0_1"},"strays":{},"variables":{"Coins":{"type":2,"value":"10"},"Name":{"type":4,"value":"Joe Biden"},"Subbed":{"type":1,"value":"true"}}}
