{"0_1":{"link":"1_2","offset":{"x":0,"y":0},"start_id":"START"},"0_2":{"link":"1_5","offset":{"x":0,"y":600},"start_id":"WAIT"},"1_1":{"dialogue":"[wait speed=5]1 2 3 4[/wait][shake rate=45 level=7]\n[wait speed=500 time=1.5]I[/wait] [wait speed=500 time=2]DECLARE[/wait] [wait speed=500 time=2.5]A THUMB[/wait] [wait speed=500 time=3]WAR![/wait]","offset":{"x":640,"y":600},"options":{"0":{"link":"1_3","text":""}},"size":{"x":601,"y":254.999756},"speaker":"Martha"},"1_10":{"dialogue":"[wait speed=10000]This text has custom speed. It does not use the default animation.\nWanna see a more complex example?","offset":{"x":420,"y":600},"options":{"0":{"link":"1_1","text":""}},"size":{"x":200.000122,"y":254.999756},"speaker":"Martha"},"1_2":{"dialogue":"Do you want learn about [u]bbcodes[/u]?","offset":{"x":200,"y":0},"options":{"0":{"link":"1_6","text":"yah"},"1":{"link":"1_4","text":"Nah"}},"size":{"x":279.000549,"y":282},"speaker":"Fred"},"1_3":{"dialogue":"Hey!\nDo you wanna play or not?","offset":{"x":1260,"y":600},"options":{"0":{"link":"END","text":"Sure!"},"1":{"link":"END","text":"Umm..."}},"size":{"x":200.000488,"y":281.999756},"speaker":"Martha"},"1_4":{"dialogue":"[shake rate=20 level=6]Oh too bad. :([/shake]","offset":{"x":540,"y":220},"options":{"0":{"link":"1_6","text":"On second thoughts..."},"1":{"link":"END","text":"Sorry"}},"size":{"x":388.999878,"y":282.000061},"speaker":"Fred"},"1_5":{"dialogue":"This text has default animation. It works without adding anything.","offset":{"x":200,"y":600},"options":{"0":{"link":"1_10","text":""}},"size":{"x":200.000183,"y":254.999756},"speaker":"Martha"},"1_6":{"dialogue":"Ok so, in the dialogue section of a dialogue Node, you can insert special keywords between [ ] to have certain effects.","offset":{"x":540,"y":-60},"options":{"0":{"link":"1_7","text":""}},"size":{"x":383.999634,"y":255},"speaker":"Fred"},"1_7":{"dialogue":"For example:\nputting the letter u between [ ] gives [u]text an underline[/u].\nEnd the effect with [/*], where * is the name of the effect (here, u).","offset":{"x":960,"y":-60},"options":{"0":{"link":"1_8","text":""}},"size":{"x":533.000244,"y":255},"speaker":"Fred"},"1_8":{"dialogue":"Some more examples:\n[ [fade length=5] fade [/fade] ]\n\n[ [color=red] color=red [/color] ]\n\n[ [shake rate=20 level=6] shake rate=15 level=6 [/shake] ]\n\n[ [wave] wave [/wave] ]\n\n[ [tornado] tornado [/tornado]]\n\n[ [rainbow] rainbow [/rainbow] ]","offset":{"x":1540,"y":-60},"options":{"0":{"link":"1_9","text":""}},"size":{"x":311,"y":440.000061},"speaker":"Fred"},"1_9":{"dialogue":"you can even combine effects like:\n[E1] [E2] text [/E2] [E1]\nWhere E1 and E2 could be anything.\n\n[rainbow] [wave] Example: Rainbow + Wave [/wave] [/rainbow]","offset":{"x":1900,"y":-60},"options":{"0":{"link":"1_6","text":"One more time?"},"1":{"link":"END","text":"Ok got it!"}},"size":{"x":429.997803,"y":312},"speaker":"Fred"},"2_1":{"comment":"This example shows how to use bbcodes in your dialogues, as well as an example of a looping dialogue tree.","offset":{"x":-20,"y":100},"size":{"x":200.000366,"y":200.000015}},"comments":{"0":"2_1"},"start":{"START":"0_1","WAIT":"0_2"},"strays":{},"variables":{}}
