{"0_1":{"link":"1_1","offset":{"x":-9,"y":162},"start_id":"teste"},"1_1":{"dialogue":"Olá boa noite, será que você poderia me ajudar? eu não encontro meus pais","offset":{"x":200,"y":160},"options":{"0":{"link":"1_2","text":"..."}},"size":{"x":200,"y":255.000015},"speaker":"Menino"},"1_2":{"dialogue":"Salve criança, não é seguro andar sozinho a noite sabia, sorte sua que meu saco já está cheio. ","offset":{"x":420,"y":160},"options":{"0":{"link":"1_3","text":"..."}},"size":{"x":200.000153,"y":255.000015},"speaker":"Homem misterioso"},"1_3":{"dialogue":"Como eu sou uma boa pessoa vou te ajudar tá, eu sei onde seu pais foram","offset":{"x":640,"y":160},"options":{"0":{"link":"1_4","text":"..."}},"size":{"x":200.000061,"y":255.000015},"speaker":"Homem misterioso"},"1_4":{"dialogue":"mas antes deixe me apresentar, eu sou o  [color=red]Homem do saco[/color] uma lenda so folclore que busca crianças perdidas na mata para colocar no meu grande saco","offset":{"x":860,"y":160},"options":{"0":{"link":"1_5","text":"..."}},"size":{"x":200.000488,"y":255.000015},"speaker":"Homem misterioso"},"1_5":{"dialogue":"Seus pais minha criança, eram pessoas muito ruins para a mata, e por isso nós os levamos para lhes ensinar uma lição, mas não se preocupe, eles voltarão inteiros... eu acho","offset":{"x":1080,"y":160},"options":{"0":{"link":"1_6","text":"..."}},"size":{"x":200.000427,"y":255.000015},"speaker":"Homem do saco"},"1_6":{"dialogue":"Você tá maluco, não podem levar meus pais assim, eles não fizeram nada de errado","offset":{"x":1300,"y":160},"options":{"0":{"link":"1_7","text":"..."}},"size":{"x":200.000916,"y":255.000015},"speaker":"Menino"},"1_7":{"dialogue":"por favor senhor voçê precisa me ajudar","offset":{"x":1520,"y":160},"options":{"0":{"link":"1_8","text":"..."}},"size":{"x":200.001221,"y":255.000015},"speaker":"menino"},"1_8":{"dialogue":"E eu lá tenho cara de quem ajuda alguém assim. se vira muleque. Se quiser alguma coisa vai ter que conquistar na marra","offset":{"x":1740,"y":160},"options":{"0":{"link":"1_9","text":"..."}},"size":{"x":200.001099,"y":255.000015},"speaker":"Homem do saco"},"1_9":{"dialogue":"[color=red] CAI PRO PAU [/color]","offset":{"x":1960,"y":160},"options":{"0":{"link":"END","text":""}},"size":{"x":200.000732,"y":254.999954},"speaker":"Homem do Saco"},"comments":{},"start":{"teste":"0_1"},"strays":{},"variables":{}}
